https://timelessvixen.com/	Timeless Vixen	"1100 S Beverly Dr, Los Angeles, CA 90035"																															
https://www.elleandriley.com/	Elle & Riley Cashmere	"9619 Brighton Way, Beverly Hills, CA 90210"																															
http://www.capsuleshoponline.com/	Capsule Shop	"11640 San Vicente Blvd # 109, Los Angeles, CA 90049"																															
https://www.leftonfriday.com/	Left On Friday	"1403 Abbot Kinney Blvd, Venice, CA 90291"																															
http://www.shoplovestitch.com/	Lovestitch	"836 Traction Ave, Los Angeles, CA 90013"																															
http://www.starkx.com/	STARKx	"1527 Montana Ave, Santa Monica, CA 90403"																															
https://ruti.com/	Ruti	"1426 Montana Ave #5, Santa Monica, CA 90403"	"1100 Madison Ave, New York, NY 10028"	"855 El Camino Real #45, Palo Alto, CA 94301"	"2119 Fillmore St., San Francisco, CA. 94115"	"1829 4th St., Berkeley, CA 94710"																											
http://www.greatlabels.com/	Great Labels	"1126 Wilshire Blvd, Santa Monica, CA 90401"																															
http://sparklfashion.com/	Sparkl Fairy Couture	"320 Santa Monica Blvd, Santa Monica, CA 90401"																															
http://www.stjohnknits.com/	St. John Knits Boutique	"9533 Brighton Way Suite A2, Beverly Hills, CA 90210"	"292 Boylston Street, Boston, Massachusetts 02116"	"750 Madison Avenue, New York, New York 10065"	"2126 Northern Boulevard, Manhasset, New York 11030"	"1805G Galleria at Tysons II, McLean, Virginia 22102"	"6800 Oxon Hill Road Suite 310, National Harbor, Maryland 20745"	"3393 Peachtree Road NE, Atlanta, Georgia 30326"	"8687 N Central Expressway, Suite 211, Dallas, Texas 75225"	"2126 Abbot Martin Road #293, Nashville, Tennessee 37215"	"224 Steele Street, Denver, Colorado 80206"	"245 Post Street, San Francisco, California 94108"	"2680 Livermore Outlets Drive, Livermore, California 94551"	"910 Camarillo Center Drive, #808, Camarillo, California 93010"	"6600 Topanga Canyon Blvd., Suite 25, Canoga Park, California 91313"	"5515 East La Palma Avenue Suite 100, Anaheim, California 92807"	"565 Newport Center Drive, Newport Beach, California 92660"																
https://veronicabeard.com/collections	Veronica Beard	"423 N Beverly Dr, Beverly Hills, CA 90210"	"66 Newtown Lane, East Hampton, NY, 11937"	"84B Main Street, Southampton, NY, 11968"	"2110G Northern Boulevard, Manhasset, NY, 11030"	"211 Buckhead Avenue Northeast, Atlanta, GA, 30305"	"11501 Century Oaks Terrace, Austin, TX, 78758"	"9700 Collins Avenue, Bal Harbour, FL, 33154"	"3914 Northeast 1st Avenue, Miami, FL, 33137"	"78 Greene Street, New York, NY, 10012"	"1200 Morris Tpke, Short Hills, NJ, 07078"	"252 Greenwich Avenue, Greenwich, CT, 06830"	"4840 Bethesda Ave, Bethesda, MD, 20814"	"1254 Wisconsin Ave NW, Washington, DC, 20007"	"9700 Collins Avenue, Bal Harbour, FL, 33154"	"3914 Northeast 1st Avenue, Miami, FL, 33137"	"5435 Tamiami Trail North, Naples, FL, 34108"	"340 Royal Poinciana Way, Palm Beach, FL, 33480"	"1621 West Snow Avenue, Tampa, FL, 33606"	"4017 Hillsboro Pike, Nashville, TN, 37215"	"211 Buckhead Avenue Northeast, Atlanta, GA, 30305"	"900 North Michigan Ave Shops, Chicago, IL, 60611"	"1515 Sheridan Road, Wilmette, IL, 60091"	"11501 Century Oaks Terrace, Austin, TX, 78758"	"44 Highland Park Village, Dallas, TX, 75205"	"4444 Westheimer Road, Houston, TX, 77027"	"2622 Northeast University Village Street, Seattle, WA, 98105"	"2241 Fillmore Street, San Francisco, CA, 94115"	"1015 Larkspur Landing Circle, Larkspur, CA, 94939"	"115 Stanford Shopping Center, Palo Alto, CA, 94304"	"587 Newport Center Drive, Newport Beach, CA, 92660"	"7007 Friars Road, San Diego, CA, 92108"	"1269 Coast Village Road, Santa Barbara, CA, 93108"
http://www.cosiani.com/	Cosiani	"307 N Brand Blvd, Glendale, CA 91203"																															
https://www.mydressline.com/	Iness Couture	"243 N Brand Blvd, Glendale, CA 91203"																															
https://us.princesspolly.com/collections	Princess Polly	"1152 Galleria Way space g015, Glendale, CA 91210"	"Westfield Valley Fair 2855 Stevens Creek Blvd, Santa Clara, CA 95050"	"201 Newbury St, Boston, MA 02116"	"Easton Town Center 4035 The Strand W, Columbus, OH 43219"	"189 The Grove Dr PS-02, Los Angeles, CA 90036"	"160 N Gulph Rd, Unit 1102B, King of Prussia, PA 19406"	"Westfield Century City, 10250 Santa Monica Blvd, Los Angeles CA, 90067"	"Dadeland Mall 7535 N Kendall Dr, Miami, FL 33156"	"763 Spectrum Center Dr, Irvine, CA 92618"	"630 Old Country Rd #1134C, Garden City, NY 11530"	"Fashion Valley 7007 Friars Rd, San Diego, CA 92108"	"514 Broadway, New York, NY 10012"	"125 Westchester Ave, Suite #2805C, White Plains, NY 10601"																			
https://tuckpasadena.com/collections	Tuck	"969 E Green St, Pasadena, CA 91106"																															
https://pasadenahatshop.com/collections/	Pasadena Hat Shop	"444 E Colorado Blvd, Pasadena, CA 91101"																															
https://www.aprilblooms.com/	April Blooms Boutique	"14 E Bellevue Dr, Pasadena, CA 91105"																															
https://sagaclothing.com/	Saga	"429 Shoreline Village Drive # K, Long Beach, CA 90802"	"127 Main St, Seal Beach, CA 90740"	"5005 E. 2nd St, Long Beach, CA 90803"	"31242 Palos Verdes Dr W, Rancho Palos Verdes, CA 90275"	"1700 S Catalina Ave #105, Redondo Beach, CA 90277"																											
https://www.prismboutique.com/collections/	Prism Boutique	"406 Termino Ave, Long Beach, CA 90814"																															
https://mfredric.com/collections/	M.Fredric	"22283 Mulholland Hwy, Calabasas, CA 91302"	"12124 Ventura Blvd, Studio City, CA, 91604"	"982 S. Westlake Blvd #14, Westlake Village, CA, 91362"	"23410 Civic Center Way, Malibu, CA, 90265"	"6320 Topanga Canyon Blvd, Woodland Hills, CA, 91367"	"378 E. Main Street, Ventura, CA, 93001"																										
https://elysewalker.com/collections/	elysewalker	"4719 Commons Way Suite J, Calabasas, CA 91302"	"57 Main St, Southampton, NY 11968"	"3444 Via Lido, Newport Beach, CA 92663"	"1381 Main Street, Saint Helena, CA 94574"	"39 N. Moore Street, New York, NY 10013"	"926 Madison Ave, New York, NY 10021"	"3444 Via Lido, Newport Beach, CA 92663"																									
https://feature.com/collections/	FEATURE	"4751 Commons Way I, Calabasas, CA 91302"	"12833 Ventura Blvd Suite 109, Studio City, CA 91604"	"3735 Spring Mountain Rd. Suite 205, Las Vegas, NV 89102"	"3131 S Las Vegas Blvd. Suite 206, Las Vegas, NV 89109"	"15147 N. Scottsdale Rd. Suite 185, Scottsdale, AZ 85254"	"4485 La Jolla Village Dr Suite F11, San Diego, CA 92122"																										
https://us.brandymelville.com/collections/i	Brandy Melville	"10958 Weyburn Ave, Los Angeles, CA 90024"																															
https://ilovewoo.com/collections/	The House of Woo	"826 E 3rd St, Los Angeles, CA 90013"																															
http://www.shopobs.com/	Obsession Fashion Apparel	"1114 1/2 Santee St, Los Angeles, CA 90015"																															
http://velvet-tees.com/	Velvet by Graham & Spencer	"1327 Abbot Kinney Blvd, Los Angeles, CA 90291"	"23465 CIVIC CENTER WAY, BUILDING 8, SUITE 810 & 820, MALIBU, CA 90265"	"1805 EAST CABRILLO BLVD, SUITE 15, SANTA BARBARA, CA 93108"	"282 LAFAYETTE STREET, NEW YORK, NY 10012"	"146 N Larchmont Blvd, LOS ANGELES, CA 90004"	"13020 SAN VICENTE BLVD, LOS ANGELES, CA 90049"	"3400 VIA OPORTO, BUILDING A, SUITE 101, NEWPORT BEACH, CA 92663"	"2130 FILLMORE STREET, SAN FRANCISCO, CA 94115"	"3230 KNOX STREET, SUITE 110, DALLAS, TX 75205"	"4612 26TH AVE, NE, SEATTLE, WA 98105"																						
https://industryofallnations.com/collections/	Industry of All Nations	"1121 Abbot Kinney Blvd STE 1, Venice, CA 90291"	"528 Hayes St, San Francisco, CA 94102"	"232 Elizabeth St, New York, NY 10012"	"61675 Twentynine Palms Hwy, Joshua Tree, CA 92252"	"100 North 3rd St, Brooklyn, NY 11249"																											
https://www.missmatchsd.com/collections/	Miss Match	"849 W. Harbor Dr. #W8-A, San Diego, CA 92101"	"1201 1st St. #217, Coronado, CA 92118"																														
https://threadandseed.com/collections/	Thread + Seed	"7863 Girard Ave. Suite 101, La Jolla, Ca 92037"	"2220 Fern St., San Diego, Ca 92104"	"2870 Fourth Ave. #106, San Diego, Ca 92103"																													
https://shoptwobirds.com/collections/	Two Birds	"1309 Castro St, San Francisco, CA 94114"																															
https://dresssanfrancisco.com/collections/	Dress Boutique	"2271 Chestnut St., San Francisco, CA 94123"																															
https://www.romiboutique.com/collections/	Romi Boutique	"624 Emerson Street, Palo Alto, CA 94301"																															
https://injeanius.com/collections/	Injeanius	"The Superette, 70 Pier 4 Blvd. Suite 440, Boston, MA 02210"																															
https://us.akris.com/collections/	Akris	"3500 Peachtree Rd NE Suite 1030E, Atlanta, GA 30326"	"9700 Collins Ave, Bal Harbour, FL 33154"	"29 Newbury St, Boston, MA 02116"	"101 E Oak St, Chicago, IL 60611"	"43A Highland Park Village, Dallas, TX 75205"	"5015 Westheimer Rd, Houston, TX 77056"	"835 Madison Avenue, New York, NY 10021"	"150 Worth Ave, Palm Beach, FL 33480"	"965 I St NW, Washington, DC 20001"																							
https://stylesmiami.com/collections/	Styles Miami	"6802 Main Street, Miami Lakes, Florida 33014"																															
https://alcltd.com/collections/	ALC	"352 N Beverly Dr, Beverly Hills, CA 90210"	"53 Greene St, New York, NY 10013"	"51 Newtown Ln, East Hampton, NY 11937"	"1015 Madison Ave, New York, NY 10075"	"90 NE 40th St, Miami, FL 33137"	"4444 Westheimer Rd f130, Houston, TX 77027"	"15227 Palisades Village Ln, Pacific Palisades, CA 90272"																									
https://cozyearth.com/collections/	Cozy Earth	"256 26th St, Santa Monica, CA 90402"	"3600 East Coast Hwy, Corona Del Mar, CA 92625"	"12925 El Camino Real, San Diego, CA 92130"																													
https://la-quinn.com/collections	Quinn																																
https://cottoncitizen.com/products/	Cotton Citizen	"471 N Robertson Blvd, West Hollywood, CA 90048"	"3131 S Las Vegas Blvd, Las Vegas, NV 89109"																														
https://onegoldenthread.com/collections/	One Golden Thread	"1216 Abbot Kinney Blvd, Venice, CA 90291"																															
https://kiltecollection.com/products/	Kilte	"1306 Montana Ave, Santa Monica, CA 90403"																															